<model_info><model_components><categories><category name="Signal Processing"><categories><category name="Sources"><components><component name="Bus2.On" type="SCADA Input" /><component name="Bus2.Q_ref" type="SCADA Input" /><component name="Bus4.Q_ref" type="SCADA Input" /><component name="Bus4.On" type="SCADA Input" /><component name="Bus5.Q_ref" type="SCADA Input" /><component name="Bus5.On" type="SCADA Input" /></components></category><category name="System"><components><component name="Bus2.Bus Join1" type="Bus Join" /><component name="Bus Join1" type="Bus Join" /><component name="PV_out.Bus Split1" type="Bus Split" /><component name="Bus4.Bus Join1" type="Bus Join" /><component name="Bus5.Bus Join1" type="Bus Join" /><component name="Communication.Bus4.Bus Join1" type="Bus Join" /><component name="Communication.Bus2.Bus Join1" type="Bus Join" /><component name="Communication.Bus5.Bus Join1" type="Bus Join" /></components></category><category name="Sinks"><components><component name="PV_out.Bus1" type="Probe" /><component name="PV_out.Bus3" type="Probe" /><component name="PV_out.Bus6" type="Probe" /></components></category><category name="Math Operations"><components><component name="Communication.Bus4.Sum1" type="Sum" /><component name="Communication.Bus2.Neutro" type="Sum" /><component name="Communication.Bus5.Sum1" type="Sum" /></components></category></categories></category><category name="Measurements"><components><component name="Communication.Bus4.Vrms1" type="Voltage RMS" /><component name="Communication.Bus4.Vrms4" type="Voltage RMS" /><component name="Communication.Bus4.Va1" type="Voltage Measurement" /><component name="Communication.Bus4.Va4" type="Voltage Measurement" /><component name="Communication.Bus4.Va5" type="Voltage Measurement" /><component name="Communication.Bus4.Vrms5" type="Voltage RMS" /><component name="Communication.Bus2.Vrms5" type="Voltage RMS" /><component name="Communication.Bus2.Va5" type="Voltage Measurement" /><component name="Communication.Bus2.Va4" type="Voltage Measurement" /><component name="Communication.Bus2.Vrms4" type="Voltage RMS" /><component name="Communication.Bus2.Va1" type="Voltage Measurement" /><component name="Communication.Bus2.Vrms1" type="Voltage RMS" /><component name="Communication.Bus5.Va5" type="Voltage Measurement" /><component name="Communication.Bus5.Va4" type="Voltage Measurement" /><component name="Communication.Bus5.Vrms4" type="Voltage RMS" /><component name="Communication.Bus5.Vrms1" type="Voltage RMS" /><component name="Communication.Bus5.Va1" type="Voltage Measurement" /><component name="Communication.Bus5.Vrms5" type="Voltage RMS" /></components></category><category name="Sources"><components><component name="Communication.Bus4.PhaseC" type="Voltage Source" /><component name="Communication.Bus4.PhaseB" type="Voltage Source" /><component name="Communication.Bus4.gnd1" type="Ground" /><component name="Communication.Bus4.gnd4" type="Ground" /><component name="Communication.Bus4.PhaseA" type="Voltage Source" /><component name="Communication.Bus4.gnd5" type="Ground" /><component name="Communication.Bus2.PhaseB" type="Voltage Source" /><component name="Communication.Bus2.PhaseA" type="Voltage Source" /><component name="Communication.Bus2.gnd5" type="Ground" /><component name="Communication.Bus2.gnd1" type="Ground" /><component name="Communication.Bus2.PhaseC" type="Voltage Source" /><component name="Communication.Bus2.gnd4" type="Ground" /><component name="Communication.Bus5.gnd5" type="Ground" /><component name="Communication.Bus5.gnd1" type="Ground" /><component name="Communication.Bus5.PhaseB" type="Voltage Source" /><component name="Communication.Bus5.gnd4" type="Ground" /><component name="Communication.Bus5.PhaseC" type="Voltage Source" /><component name="Communication.Bus5.PhaseA" type="Voltage Source" /></components></category><category name="Communication"><categories><category name="IEC 61850"><categories><category name="Sampled Values"><components><component name="Communication.Bus4.Line 4-2.SV Publisher2" type="SV Publisher" /><component name="Communication.Bus4.SV Setup1" type="SV Setup" /><component name="Communication.Bus4.Line 4-5.SV Publisher2" type="SV Publisher" /><component name="Communication.Bus2.Line 2-4.SV Publisher2" type="SV Publisher" /><component name="Communication.Bus2.Line 2-1.SV Publisher2" type="SV Publisher" /><component name="Communication.Bus2.Line 2-6.SV Publisher2" type="SV Publisher" /><component name="Communication.Bus2.Line 2-5.SV Publisher2" type="SV Publisher" /><component name="Communication.Bus2.Line 2-3.SV Publisher2" type="SV Publisher" /><component name="Communication.Bus5.Line 5-3.SV Publisher2" type="SV Publisher" /><component name="Communication.Bus5.Line 5-2.SV Publisher2" type="SV Publisher" /><component name="Communication.Bus5.Line 5-6.SV Publisher2" type="SV Publisher" /><component name="Communication.Bus5.Line 5-4.SV Publisher2" type="SV Publisher" /><component name="Communication.Bus5.Line 5-1.SV Publisher2" type="SV Publisher" /></components></category></categories></category></categories></category><category name="Passive Components"><components><component name="Communication.Bus4.R4" type="Resistor" /><component name="Communication.Bus4.R1" type="Resistor" /><component name="Communication.Bus4.R5" type="Resistor" /><component name="Communication.Bus2.R5" type="Resistor" /><component name="Communication.Bus2.R1" type="Resistor" /><component name="Communication.Bus2.R4" type="Resistor" /><component name="Communication.Bus5.R5" type="Resistor" /><component name="Communication.Bus5.R4" type="Resistor" /><component name="Communication.Bus5.R1" type="Resistor" /></components></category></categories></model_components></model_info>